<?xml version="1.0" standalone="yes"?>
<EmoticonSet>
    <name>sticker_candy_set0</name>
    <line>4</line>
    <row>4</row>
    <iconUri></iconUri>
    <iconName></iconName>
    <isShowDelBtn></isShowDelBtn>
    <itemPadding></itemPadding>
    <horizontalSpacing></horizontalSpacing>
    <verticalSpacing></verticalSpacing> 
    <EmoticonBeans>
        <EmoticonBean>
            <eventType>2</eventType> 
            <iconUri>sticker_candy_set0/Sticker_layout_send_01.png</iconUri>  
            <content>Sticker_layout_send_01</content> 
        </EmoticonBean> 
        <EmoticonBean>
            <eventType>2</eventType> 
            <iconUri>sticker_candy_set0/Sticker_layout_send_02.png</iconUri> 
            <content>Sticker_layout_send_02</content> 
        </EmoticonBean> 
        <EmoticonBean>
            <eventType>2</eventType> 
            <iconUri>sticker_candy_set0/Sticker_layout_send_02.png</iconUri> 
            <content>Sticker_layout_send_02</content> 
        </EmoticonBean> 
        <EmoticonBean>
            <eventType>2</eventType> 
            <iconUri>sticker_candy_set0/Sticker_layout_send_04.png</iconUri> 
            <content>Sticker_layout_send_04</content> 
        </EmoticonBean> 
        <EmoticonBean>
            <eventType>2</eventType> 
            <iconUri>sticker_candy_set0/Sticker_layout_send_05.png</iconUri> 
            <content>Sticker_layout_send_05</content> 
        </EmoticonBean> 
        <EmoticonBean>
            <eventType>2</eventType> 
            <iconUri>sticker_candy_set0/Sticker_layout_send_06.png</iconUri> 
            <content>Sticker_layout_send_06</content> 
        </EmoticonBean> 
        <EmoticonBean>
            <eventType>2</eventType> 
            <iconUri>sticker_candy_set0/Sticker_layout_send_07.png</iconUri> 
            <content>Sticker_layout_send_07</content> 
        </EmoticonBean> 
        <EmoticonBean>
            <eventType>2</eventType> 
            <iconUri>sticker_candy_set0/Sticker_layout_send_08.png</iconUri> 
            <content>Sticker_layout_send_08</content> 
        </EmoticonBean> 
        <EmoticonBean>
            <eventType>2</eventType> 
            <iconUri>sticker_candy_set0/Sticker_layout_send_09.png</iconUri> 
            <content>Sticker_layout_send_09</content> 
        </EmoticonBean> 
        <EmoticonBean>
            <eventType>2</eventType> 
            <iconUri>sticker_candy_set0/Sticker_layout_send_10.png</iconUri> 
            <content>Sticker_layout_send_10</content> 
        </EmoticonBean> 
        <EmoticonBean>
            <eventType>2</eventType> 
            <iconUri>sticker_candy_set0/Sticker_layout_send_11.png</iconUri> 
            <content>Sticker_layout_send_11</content> 
        </EmoticonBean> 
        <EmoticonBean>
            <eventType>2</eventType> 
            <iconUri>sticker_candy_set0/Sticker_layout_send_12.png</iconUri> 
            <content>Sticker_layout_send_12</content> 
        </EmoticonBean> 
        <EmoticonBean>
            <eventType>2</eventType> 
            <iconUri>sticker_candy_set0/Sticker_layout_send_13.png</iconUri> 
            <content>Sticker_layout_send_13</content> 
        </EmoticonBean> 
        <EmoticonBean>
            <eventType>2</eventType> 
            <iconUri>sticker_candy_set0/Sticker_layout_send_14.png</iconUri> 
            <content>Sticker_layout_send_14</content> 
        </EmoticonBean> 
        <EmoticonBean>
            <eventType>2</eventType> 
            <iconUri>sticker_candy_set0/Sticker_layout_send_15.png</iconUri> 
            <content>Sticker_layout_send_15</content> 
        </EmoticonBean> 
        <EmoticonBean>
            <eventType>2</eventType> 
            <iconUri>sticker_candy_set0/Sticker_layout_send_16.png</iconUri> 
            <content>Sticker_layout_send_16</content> 
        </EmoticonBean>  
        <EmoticonBean>
            <eventType>2</eventType> 
            <iconUri>sticker_candy_set0/Sticker_layout_send_17.png</iconUri> 
            <content>Sticker_layout_send_17</content> 
        </EmoticonBean>  
        <EmoticonBean>
            <eventType>2</eventType> 
            <iconUri>sticker_candy_set0/Sticker_layout_send_18.png</iconUri> 
            <content>Sticker_layout_send_18</content> 
        </EmoticonBean>  
        <EmoticonBean>
            <eventType>2</eventType> 
            <iconUri>sticker_candy_set0/Sticker_layout_send_19.png</iconUri> 
            <content>Sticker_layout_send_19</content> 
        </EmoticonBean>  
        <EmoticonBean>
            <eventType>2</eventType> 
            <iconUri>sticker_candy_set0/Sticker_layout_send_20.png</iconUri> 
            <content>Sticker_layout_send_20</content> 
        </EmoticonBean>  
        <EmoticonBean>
            <eventType>2</eventType> 
            <iconUri>sticker_candy_set0/Sticker_layout_send_21.png</iconUri> 
            <content>Sticker_layout_send_21</content> 
        </EmoticonBean>  
        <EmoticonBean>
            <eventType>2</eventType> 
            <iconUri>sticker_candy_set0/Sticker_layout_send_22.png</iconUri> 
            <content>Sticker_layout_send_22</content> 
        </EmoticonBean>  
        <EmoticonBean>
            <eventType>2</eventType> 
            <iconUri>sticker_candy_set0/Sticker_layout_send_23.png</iconUri> 
            <content>Sticker_layout_send_23</content> 
        </EmoticonBean>  
        <EmoticonBean>
            <eventType>2</eventType> 
            <iconUri>sticker_candy_set0/Sticker_layout_send_24.png</iconUri> 
            <content>Sticker_layout_send_24</content> 
        </EmoticonBean>  
        <EmoticonBean>
            <eventType>2</eventType> 
            <iconUri>sticker_candy_set0/Sticker_layout_send_25.png</iconUri> 
            <content>Sticker_layout_send_25</content> 
        </EmoticonBean>  
        <EmoticonBean>
            <eventType>2</eventType> 
            <iconUri>sticker_candy_set0/Sticker_layout_send_26.png</iconUri> 
            <content>Sticker_layout_send_26</content> 
        </EmoticonBean>  
        <EmoticonBean>
            <eventType>2</eventType> 
            <iconUri>sticker_candy_set0/Sticker_layout_send_27.png</iconUri> 
            <content>Sticker_layout_send_27</content> 
        </EmoticonBean>  
        <EmoticonBean>
            <eventType>2</eventType> 
            <iconUri>sticker_candy_set0/Sticker_layout_send_28.png</iconUri> 
            <content>Sticker_layout_send_28</content> 
        </EmoticonBean>  
        <EmoticonBean>
            <eventType>2</eventType> 
            <iconUri>sticker_candy_set0/Sticker_layout_send_29.png</iconUri> 
            <content>Sticker_layout_send_29</content> 
        </EmoticonBean>  
        <EmoticonBean>
            <eventType>2</eventType> 
            <iconUri>sticker_candy_set0/Sticker_layout_send_30.png</iconUri> 
            <content>Sticker_layout_send_30</content> 
        </EmoticonBean>  
        <EmoticonBean>
            <eventType>2</eventType> 
            <iconUri>sticker_candy_set0/Sticker_layout_send_31.png</iconUri> 
            <content>Sticker_layout_send_31</content> 
        </EmoticonBean>  
        <EmoticonBean>
            <eventType>2</eventType> 
            <iconUri>sticker_candy_set0/Sticker_layout_send_32.png</iconUri> 
            <content>Sticker_layout_send_32</content> 
        </EmoticonBean>  
        <EmoticonBean>
            <eventType>2</eventType> 
            <iconUri>sticker_candy_set0/Sticker_layout_send_33.png</iconUri> 
            <content>Sticker_layout_send_33</content> 
        </EmoticonBean>  
    </EmoticonBeans>
</EmoticonSet>